,City,Cloudiness,Country,Date,Humidity,Lng,Max Temp,Wind Speed,Lat
0,Rikitea,75,PF,1580609232,79,-134.97,79.47,14.61,-50.18579421131033
1,Upernavik,8,GL,1580609232,95,-56.15,-25.35,8.63,79.6310410002547
2,Lebu,0,CL,1580609233,97,-73.65,50.45,3.27,-29.35710148116337
3,Kaitangata,100,NZ,1580609233,94,169.85,55.17,14.25,-67.2687072311436
4,Kapaa,90,US,1580609233,83,-159.32,77.0,24.16,10.268488896142472
5,Leningradskiy,98,RU,1580609233,97,178.42,-20.85,5.95,86.89227993747525
6,Qaanaaq,40,GL,1580609234,76,-69.36,-24.86,5.75,-21.312167911126352
7,Vaini,40,TO,1580609234,74,-175.2,84.2,10.29,87.17222618725603
8,Hobart,40,AU,1580609234,59,147.33,66.0,19.46,-20.737708203022123
9,Krasnoborsk,100,RU,1580609234,97,45.93,4.26,4.9,-86.15275048978756
10,Biak,100,ID,1580609234,71,122.88,83.52,5.88,62.3357852973287
11,Klichka,0,RU,1580609234,91,118.0,-10.86,5.93,0.6228995552816201
12,Busselton,0,AU,1580609235,31,115.33,78.01,3.74,50.51640636286348
13,Banjar,20,ID,1580609235,79,114.97,86.0,3.36,-42.926888030804996
14,Jamestown,90,US,1580609235,92,-79.24,30.99,8.05,-15.263554699359617
15,Barrow,75,US,1580609235,73,-156.79,-29.2,9.17,-18.177062124111572
16,Castro,100,BR,1580609160,99,-50.01,66.13,5.77,3.068727188806946
17,Faya,57,SA,1580609236,87,42.45,48.2,2.89,86.37739994292906
18,Cidreira,88,BR,1580609015,79,-50.21,75.4,19.66,-53.15330049792042
19,Deloraine,90,AU,1580609236,82,146.67,69.01,18.34,21.818197130497254
20,Ushuaia,40,AR,1580609236,71,-68.3,50.0,6.93,-42.40995445023578
21,Port Elizabeth,90,ZA,1580609021,100,25.57,69.8,11.41,49.23247266808821
22,Eyrarbakki,75,IS,1580609237,74,-21.15,28.4,4.7,-16.845784250411114
23,Albany,90,US,1580608939,92,-73.97,34.0,4.7,-80.5874583244115
24,Lata,75,PT,1580609237,93,-8.33,60.01,2.24,-79.60527920912573
25,San Cristobal,40,VE,1580609237,69,-72.22,82.4,4.7,62.52743772581235
26,Severo-Kuril'sk,0,RU,1580609237,78,156.12,21.6,11.77,-73.06484643860135
27,Arraial do Cabo,100,BR,1580609238,91,-42.03,76.86,16.98,-7.403362887038739
28,Thompson,90,CA,1580609238,85,-97.86,12.2,8.05,-88.0606588643086
29,Mataura,100,NZ,1580609238,94,168.86,57.0,7.0,-3.4541598512875
30,Cabo San Lucas,90,MX,1580609238,68,-109.91,71.6,8.79,47.395328930836996
31,Panguna,99,PG,1580609238,82,155.48,80.82,3.98,-55.49554979792839
32,Bathsheba,75,BB,1580609239,78,-59.52,78.8,17.22,-50.315803798001284
33,Alyangula,100,AU,1580609239,58,136.42,88.34,8.05,72.27696596282229
34,Hithadhoo,71,MV,1580609239,72,73.08,82.02,12.21,19.825107680935105
35,Berlevag,100,NO,1580609239,79,29.09,23.07,22.28,-87.52418589035285
36,Vanimo,58,PG,1580609239,76,141.3,83.07,18.16,18.756685043223754
37,Bloomington,1,US,1580609040,80,-93.3,35.01,8.05,-6.27345064088523
38,Mar del Plata,0,AR,1580609118,50,-57.56,75.2,10.29,-58.64013116583802
39,Bambous Virieux,75,MU,1580609240,83,57.76,78.8,11.41,18.04443289423341
40,Hilo,90,US,1580609241,69,-155.09,75.99,8.05,-14.206501448951883
41,Saskylakh,1,RU,1580609241,91,114.08,-27.65,8.46,-9.942754297158416
42,Punta Arenas,98,CL,1580609172,76,-70.92,50.0,6.93,77.42034597724307
43,Bojnourd,90,IR,1580609241,97,57.33,33.8,6.62,-2.415390139377891
44,Dikson,0,RU,1580609241,94,80.55,-14.44,12.93,-36.2228848369997
45,Darnah,39,LY,1580609242,80,22.64,60.49,14.14,39.0801857219177
46,Saint-Philippe,25,RE,1580609242,78,55.77,78.8,8.05,-35.99072824603724
47,Sorong,0,ID,1580609010,51,131.25,89.15,6.55,-48.676949720789295
48,Chokurdakh,99,RU,1580609242,97,147.92,-20.99,6.51,-30.248417069647978
49,Mapimi,75,MX,1580609243,21,-103.85,59.0,4.52,15.598018863404562
50,Khatanga,100,RU,1580609243,93,102.5,-22.61,13.96,75.76428096664057
51,Bonavista,92,CA,1580609243,75,-53.11,18.0,5.99,-45.26429295202845
52,Cape Town,1,ZA,1580609043,93,18.42,68.0,2.24,8.063766367997587
53,Hambantota,58,LK,1580609243,100,81.12,69.8,1.12,79.086492333774
54,Bluff,100,NZ,1580609244,94,168.33,57.0,7.0,-68.86383039353584
55,Bethel,90,US,1580609244,96,-73.41,41.0,4.7,37.382840649624384
56,Souillac,75,MU,1580609244,83,57.52,78.8,11.41,78.80399680561976
57,Sterling,90,US,1580608992,100,-77.43,43.0,4.29,32.0844422982221
58,Bayir,0,TR,1580609244,93,28.22,39.2,3.36,-38.793658570318584
59,Cassilandia,100,BR,1580609245,82,-51.73,72.27,2.73,-53.50825799697315
60,Avarua,0,CK,1580609245,74,-159.78,82.4,8.05,0.14887051805139606
61,Hermanus,62,ZA,1580609245,89,19.23,71.01,3.0,14.178044542205129
62,Vestmannaeyjar,17,IS,1580609245,72,-20.27,31.82,4.52,43.88566838799787
63,Carnarvon,0,AU,1580609238,33,113.63,89.6,17.22,-42.6371170590227
64,Presidente Medici,35,BR,1580609246,90,-61.9,74.52,1.12,82.0152626679496
65,Itarema,5,BR,1580609246,87,-39.92,75.11,2.73,26.264694085473394
66,Amuntai,47,ID,1580609246,62,115.25,87.19,4.56,72.36059349516381
67,Vigrestad,40,NO,1580609246,86,5.7,39.2,8.05,-84.59121788082953
68,Beringovskiy,73,RU,1580609247,93,179.32,-25.44,21.85,8.388411387685053
69,Tomatlan,95,MX,1580609247,77,-105.25,67.53,2.98,51.27490610625975
70,Leer,0,SS,1580609247,21,30.14,66.27,4.45,8.570964197384995
71,Vangaindrano,44,MG,1580609247,95,47.6,71.92,2.01,-63.817089697910916
72,Bredasdorp,100,ZA,1580609247,78,20.04,71.6,12.75,-4.826578938662408
73,George Town,20,MY,1580609247,69,100.34,82.4,4.7,-62.55360460556758
74,Omaruru,42,NA,1580609248,46,15.93,67.55,2.08,64.16768440270846
75,Zhigansk,0,RU,1580609248,94,123.37,-30.96,8.05,-50.22049653811375
76,Ixtapa,90,MX,1580609021,78,-105.2,75.2,6.93,61.29257464765507
77,Louangphabang,75,LA,1580609040,82,102.13,60.8,1.7,30.0689106820345
78,Kamennomostskiy,81,RU,1580609249,84,40.19,33.75,3.91,-30.23391875052534
79,Liuhe,100,CN,1580609249,53,125.72,18.41,2.28,-19.102738529279648
80,Chai Badan,0,TH,1580609249,59,101.13,84.99,7.05,-21.60884662207114
81,Teguldet,12,RU,1580609249,98,88.17,-7.17,5.53,-64.23464488048744
82,Mount Isa,40,AU,1580609250,58,139.5,87.8,6.93,73.0372649923043
83,Saldanha,1,ZA,1580609250,88,17.94,62.6,4.7,-52.86006921346931
84,Bom Jesus da Lapa,0,BR,1580609250,65,-43.42,80.6,2.24,61.246582825157816
85,Oktyabrskiy,84,RU,1580609251,96,53.47,17.98,4.76,-24.419304934804686
86,Buta,27,CD,1580609251,77,24.73,66.42,1.95,-14.757032891981154
87,Tripoli,0,LY,1580609251,73,13.19,61.5,9.48,-11.317184230476911
88,Erdenet,66,MN,1580609251,79,104.08,-10.05,2.84,5.734333088485769
89,Henties Bay,23,NA,1580609251,93,14.28,62.01,3.0,-0.7287220318194869
90,Nikolskoye,90,RU,1580609251,96,30.79,34.0,8.95,33.219604483990764
91,Bandarbeyla,100,SO,1580609252,71,50.81,75.97,18.05,56.89854383819073
92,Salalah,8,OM,1580609092,64,54.09,68.0,6.93,50.03112880190318
93,Waterlooville,100,GB,1580609252,87,-1.03,48.0,6.93,18.237134762402633
94,Kodiak,1,US,1580609252,45,-152.41,26.6,13.87,-78.20870100243809
95,Mokhsogollokh,100,RU,1580609252,93,128.92,-17.05,4.99,7.972005352074277
96,Ribeira Grande,100,PT,1580609252,81,-28.7,54.9,10.0,-24.579100265831727
97,Geraldton,40,AU,1580609253,17,114.6,91.4,32.21,-75.4969340124121
98,Nerchinskiy Zavod,4,RU,1580609253,73,119.61,-5.73,6.71,-62.98649447249831
99,Taoudenni,0,ML,1580609253,19,-3.98,60.6,8.12,-2.3159611041025556
100,Bengkulu,39,ID,1580609253,56,102.27,87.39,2.44,-79.83007730126633
101,Natal,20,BR,1580609141,83,-35.21,80.6,3.36,3.501326192901203
102,Nanortalik,0,GL,1580609254,58,-45.24,16.86,18.1,71.87697458237159
103,Olafsvik,89,IS,1580609254,83,-23.71,30.16,7.54,19.037450250364884
104,Husavik,57,IS,1580609254,84,-17.34,1.4,3.36,-22.744088759621107
105,Zhezkazgan,40,KZ,1580609170,84,67.71,3.2,8.95,-40.230201037132744
106,Doka,0,SD,1580609255,49,35.77,64.29,7.54,-21.0030905193821
107,Tura,0,IN,1580609255,41,90.22,64.02,3.02,70.42822188979596
108,Bindura,5,ZW,1580609255,96,31.33,59.02,2.35,10.39131468345245
109,Topaowan,82,CN,1580609255,88,112.69,46.0,9.4,20.12459607295294
110,Lorengau,72,PG,1580609256,78,147.27,84.31,17.83,-62.626976625375654
111,Ponta do Sol,20,PT,1580609256,29,-17.1,66.2,6.93,-61.61091155797696
112,Talnakh,0,RU,1580609256,73,88.4,-31.0,4.47,-69.55083545574209
113,Sao Filipe,0,CV,1580609256,48,-24.5,75.06,9.46,-69.24967457960149
114,Sosnovo-Ozerskoye,31,RU,1580609257,82,111.54,-8.79,12.97,44.29868601565593
115,Bilma,7,NE,1580609257,26,12.92,54.0,0.87,42.11730051245729
116,Jashpurnagar,0,IN,1580609257,44,84.15,55.47,4.9,15.043658622246326
117,Puerto Ayora,91,EC,1580609257,15,-90.35,78.01,1.99,59.825653408369874
118,Liepaja,85,LV,1580609257,100,21.04,44.6,19.46,-67.63957661161137
119,Asau,97,RO,1580609258,58,26.4,53.6,11.41,-22.455755477576616
120,Okhotsk,5,RU,1580609258,63,143.3,0.19,4.05,-60.44646799523222
121,Spartanburg,1,US,1580609258,65,-81.93,46.4,3.36,-79.8058557639218
122,Butaritari,100,KI,1580609258,77,172.79,84.33,15.73,-42.59873837477192
123,Yellowknife,40,CA,1580609259,75,-114.35,-14.01,8.05,-13.395803849324068
124,Ardakan,20,IR,1580609260,42,54.02,46.4,4.7,-21.7673754023469
125,Priargunsk,0,RU,1580609260,87,119.1,-10.57,4.18,52.51713269556487
126,Lompoc,40,US,1580609260,93,-120.46,69.8,6.93,-65.90812474850524
127,Sal Rei,0,CV,1580609261,88,-22.92,68.0,8.05,-42.557815872684756
128,Vardo,100,NO,1580609261,89,31.11,21.27,23.94,2.1114091714367333
129,Provideniya,0,RU,1580609262,92,-173.3,-18.44,9.8,33.874086110980556
130,Takoradze,58,GH,1580609262,91,-1.76,76.95,3.67,-56.37825608348682
131,Burns Lake,27,CA,1580609262,89,-125.75,11.48,3.94,31.87658275784308
132,New Norfolk,40,AU,1580609262,59,147.06,66.0,19.46,48.63169356709648
133,Saharsa,0,IN,1580609221,61,86.6,57.29,10.89,-24.560975638059105
134,Buala,100,SB,1580609262,80,159.59,84.0,17.07,44.20298995436872
135,Azare,44,NG,1580609263,16,10.19,57.96,7.94,-61.714910367858266
136,Srisailain,97,IN,1580609263,80,78.87,70.41,7.74,-55.15977816827734
137,Paita,73,PE,1580609263,71,-81.11,77.23,8.57,7.56858824922729
138,Jinchang,0,CN,1580609264,44,102.17,20.25,4.88,17.56210242287655
139,Dzhebariki-Khaya,85,RU,1580609264,93,135.8,-20.42,1.97,50.86914168715103
140,Laguna,1,US,1580609264,63,-121.42,62.6,3.36,-74.01137091577189
141,Jalu,31,LY,1580609264,59,21.55,54.99,2.84,82.96373767391736
142,Mufumbwe,95,ZM,1580609264,98,24.8,64.09,3.78,-69.4622364361542
143,Villarrubia de los Ojos,0,ES,1580609265,97,-3.61,48.99,2.24,86.00350319620927
144,Sittwe,0,MM,1580609265,57,92.9,68.16,7.25,48.366173937629156
145,Bacalar,75,MX,1580609265,74,-88.38,78.8,9.17,61.49359889920481
146,Molteno,100,ZA,1580609265,79,26.36,62.47,2.57,44.34324602890385
147,Camacha,20,PT,1580609265,93,-16.33,66.2,9.17,41.13716926376972
148,Odesskoye,19,RU,1580609266,79,72.97,2.35,7.9,-53.060975061648264
149,Neiafu,75,TO,1580609266,79,-173.98,84.2,9.17,50.80302853721116
150,Kaduna,20,NG,1580609266,16,7.44,62.22,10.65,1.2954086197788683
151,Sokolo,0,ML,1580609266,14,-6.12,68.76,8.93,51.913440439753884
152,Alamosa,1,US,1580609046,76,-105.87,32.0,8.05,25.36857790373611
153,Kangaba,30,ML,1580609267,16,-8.42,68.14,4.34,-14.075113243450701
154,Conceicao do Araguaia,81,BR,1580609267,93,-49.26,73.94,2.17,-1.9675859758557124
155,Lukovetskiy,40,RU,1580609267,75,41.92,-20.2,6.71,-19.78769206562842
156,Ilulissat,100,GL,1580609267,71,-51.1,3.2,6.93,-7.116586049868175
157,Conde,70,BR,1580609268,94,-34.91,78.8,4.7,-2.1083512729384637
158,Ketchikan,90,US,1580609268,80,-131.65,33.8,13.87,50.89960943191295
159,Tiksi,0,RU,1580609268,85,128.87,-26.27,6.11,-5.057106993618902
160,Port Alfred,100,ZA,1580609268,97,26.89,71.01,3.58,65.95777262942451
161,Thanh Hoa,69,VN,1580609269,78,105.77,70.92,5.68,70.50896084914874
162,Togur,94,RU,1580609269,92,82.83,3.45,7.43,-23.857611770503254
163,Klaksvik,100,FO,1580609165,74,-6.59,35.6,8.05,46.825130056905664
164,Gizo,87,SB,1580609269,71,156.84,84.43,5.93,-77.71535020174572
165,Delta del Tigre,0,UY,1580609269,73,-56.39,73.4,9.17,-69.60782109700317
166,Kalemie,100,CD,1580609270,95,29.19,64.02,1.41,12.980195099962728
167,Porto Velho,75,BR,1580609270,94,-63.9,77.0,2.24,22.2212380220422
168,Cherskiy,100,RU,1580609270,97,161.3,-28.82,4.03,37.89908917598346
169,Los Llanos de Aridane,0,ES,1580609270,42,-17.92,68.0,5.82,64.32518324252564
170,Broome,90,US,1580609270,74,-75.83,32.0,3.36,-17.505554023344118
171,Payakumbuh,100,ID,1580609271,98,100.63,68.68,2.91,18.98011100646349
172,Ritchie,68,ZA,1580609271,47,24.6,77.0,5.82,-45.463581694173705
173,Santo Antonio do Ica,63,BR,1580609271,96,-67.94,74.34,1.32,30.75005038600426
174,Pisco,100,PE,1580609271,83,-76.22,73.4,13.87,-28.843128381182275
175,Murray Bridge,14,AU,1580609271,65,139.27,75.0,7.0,-1.9160693839837677
176,Jimenez,75,MX,1580609271,20,-105.4,53.6,4.7,-53.00139035062168
177,Genhe,89,CN,1580609272,89,121.52,-6.63,4.05,16.423827003962444
178,Loreto,99,MX,1580609272,51,-101.97,51.44,16.82,76.01908638949348
179,Finnsnes,96,NO,1580609272,67,17.98,30.0,17.22,6.07087711463987
180,Clyde River,1,CA,1580609272,73,-68.59,-29.2,14.99,-19.22369463568053
181,Constitucion,0,CL,1580609273,92,-72.42,58.71,4.74,31.281906805872097
182,Lavrentiya,99,RU,1580609273,88,-171.0,-17.73,10.2,52.33475744221067
183,Tuktoyaktuk,40,CA,1580609274,67,-133.04,-27.4,10.29,21.33207341163451
184,La Ronge,90,CA,1580609274,73,-105.28,26.6,6.93,22.816156884797152
185,Riyadh,0,SA,1580609274,39,46.72,48.2,6.93,-12.05242438911057
186,Port Blair,8,IN,1580609274,75,92.75,80.62,16.49,66.55407410186385
187,General Roca,29,AR,1580609274,39,-67.58,78.8,9.17,-45.940170754969984
188,Deoria,0,IN,1580609275,63,83.79,54.39,8.5,56.95840174225674
189,Gualeguay,0,AR,1580609275,39,-59.31,74.26,4.76,-50.842734264473606
190,Mecca,52,SA,1580609275,55,39.83,65.44,2.73,83.39509725185471
191,Hasaki,20,JP,1580609275,39,140.83,52.0,9.17,14.918494890570713
192,Arrondissement de Toul,75,FR,1580609275,87,5.92,51.8,13.87,-15.653549145291791
193,Atuona,0,PF,1580609275,74,-139.03,81.55,18.63,58.711959187841416
194,Alta Floresta,32,BR,1580609276,88,-56.09,74.21,2.59,34.71793034578894
195,Pevek,100,RU,1580609276,97,170.31,-20.67,4.12,15.576315386648275
196,Bataipora,100,BR,1580609276,98,-53.27,71.35,8.97,-73.18815620411229
197,Codrington,41,AU,1580609276,68,141.97,61.63,28.16,83.76572845922294
198,Calvinia,100,ZA,1580609276,49,19.78,74.23,13.47,32.85778834927852
199,Mujiayingzi,100,CN,1580609277,84,118.78,13.05,4.56,50.427594113777985
200,Nanganga,100,TZ,1580609277,96,39.15,68.97,0.36,24.96915225387825
201,Lagoa,100,PT,1580609277,72,-27.98,58.66,8.3,31.77460727410542
202,Mandalgovi,0,MN,1580609277,66,106.27,0.55,14.92,82.85738012723044
203,Oskemen,75,KZ,1580609277,75,82.61,-14.8,2.24,-84.18418246807472
204,Vostok,100,RU,1580609278,84,135.88,7.02,6.08,16.17981716413162
205,Ambon,40,ID,1580609278,55,128.18,91.4,10.29,-12.695920496922824
206,Boyolangu,99,ID,1580609278,83,111.89,78.3,4.07,74.55973396984501
207,Rondonopolis,86,BR,1580609213,90,-54.64,73.87,2.35,47.72663225183268
208,Beloha,0,MG,1580609279,81,45.05,72.88,8.48,-3.624024030377754
209,Espanola,1,US,1580609163,31,-106.08,46.4,12.75,53.97903450392042
210,Chui,0,UY,1580609280,83,-53.46,68.45,10.11,-11.312109648159122
211,Ntcheu,85,MW,1580609280,98,34.64,59.94,2.73,-49.450126942516995
212,Luderitz,92,NA,1580609280,89,15.16,63.3,26.87,25.932374243046354
213,Emerald,26,AU,1580609280,46,148.17,88.09,6.6,-22.784852819058898
214,Chapais,90,CA,1580609280,92,-74.85,21.2,6.93,0.8943212897254824
215,Pangkalanbuun,100,ID,1580609281,85,111.62,82.81,2.62,-70.58648287570438
216,Mahebourg,75,MU,1580609281,83,57.7,78.8,11.41,12.020991506882183
217,Pozo Colorado,4,PY,1580609281,69,-58.8,78.84,3.71,-70.74548185505071
218,Ancud,0,CL,1580609281,81,-73.82,51.8,4.7,49.354601092114194
219,Flinders,35,AU,1580609281,64,150.86,99.0,1.01,-14.922047730583799
220,Porto-Novo,40,BJ,1580609282,94,2.6,80.6,3.36,89.06134171434005
221,Kalmunai,34,LK,1580609282,69,81.82,80.51,10.94,15.999325644244564
222,Dasoguz,100,TM,1580609282,77,59.97,32.0,2.24,87.9578348752672
223,Sao Miguel do Araguaia,85,BR,1580609282,91,-50.16,72.86,2.21,-9.073654412027537
224,Rimbey,90,CA,1580609283,70,-114.24,32.0,5.82,41.00439403032189
225,Margate,100,GB,1580609283,93,1.39,46.99,4.7,62.87485061702313
226,Encruzilhada do Sul,0,BR,1580609283,95,-52.52,63.66,3.4,-36.33071498746857
227,Ontario,1,US,1580609283,15,-117.65,82.4,3.36,22.80775183373632
228,Fairbanks,100,US,1580609283,67,-147.72,-20.0,1.99,-37.781548239092515
229,Khilok,100,RU,1580609284,86,110.47,-5.3,9.95,76.92197435022112
230,Kenai,1,US,1580609284,60,-151.26,8.6,3.36,-13.93064197003082
231,Olinda,20,BR,1580609284,78,-34.86,82.4,4.7,-5.596920705170234
232,Okakarara,2,NA,1580609284,57,17.43,68.86,2.01,-21.48542217842946
233,Kasama,100,ZM,1580609284,98,31.18,62.8,3.11,39.2311172745878
234,Uglegorsk,99,RU,1580609285,84,142.03,15.13,1.03,19.964616820960458
235,Coquimbo,3,CL,1580609108,82,-71.34,64.4,8.05,18.695762708664702
236,Ayagoz,100,KZ,1580609285,64,80.44,9.5,3.49,-31.429819382066377
237,Tuatapere,100,NZ,1580609285,94,167.68,57.0,7.0,-82.39915969896306
238,Noumea,75,NC,1580609285,52,166.46,89.6,6.93,-89.19994175784815
239,Tasiilaq,100,GL,1580609286,79,-37.64,23.0,21.92,-75.75377482196608
240,Mitu,75,CO,1580609286,94,-70.17,73.27,1.14,-73.55038428450031
241,Jagdalpur,0,IN,1580609286,44,82.03,66.15,6.15,-88.45613740055295
242,Bogomila,13,MK,1580609286,100,21.47,30.2,3.31,-75.80279371356606
243,Neryungri,100,RU,1580609286,93,124.65,-17.99,8.68,-5.462946145321979
244,Santa Fe,0,AR,1580609287,47,-60.7,72.9,3.04,-1.5943679577372478
245,Farafangana,90,MG,1580609287,75,47.83,79.81,12.12,37.719104957258565
246,Capreol,90,CA,1580609287,100,-80.92,30.2,17.22,76.4215871710878
247,Alofi,36,NU,1580609287,74,-169.92,84.2,12.75,53.47663292044024
248,Vao,100,NC,1580609287,80,167.48,79.99,14.83,-81.53857692521794
249,Novo Hamburgo,0,BR,1580609254,88,-51.13,73.99,8.05,-17.96837893011883
250,Rantauprapat,98,ID,1580609288,78,99.83,81.72,3.04,-79.34947649872994
251,Ostrovnoy,1,RU,1580609288,92,39.51,-7.53,12.15,-64.28211135122602
252,Santa Cruz de la Sierra,40,BO,1580609016,83,-63.17,78.8,5.82,10.803497804293613
253,Omsukchan,100,RU,1580609289,96,155.8,-22.79,5.66,-59.11468767563803
254,Sioux Lookout,90,CA,1580609016,86,-91.92,28.4,4.7,62.652794018923714
255,Esperance,100,AU,1580609289,72,121.9,64.08,8.1,15.59667138627323
256,Tumpat,20,MY,1580609289,78,102.17,82.4,9.17,37.266205726131304
257,Lubango,89,AO,1580609289,90,13.49,59.4,0.98,19.73707368256113
258,Kavieng,67,PG,1580609290,75,150.8,84.45,14.74,2.0277832765257955
259,Aykhal,69,RU,1580609290,65,111.5,-34.6,4.47,11.631157864997633
260,Goure,100,NE,1580609290,18,10.27,64.99,7.0,-6.994530736415811
261,Arteaga,100,MX,1580609290,76,-102.42,61.56,3.27,-26.11773710780411
262,Belmonte,20,BR,1580609290,83,-38.88,78.8,6.93,-85.81781393669
263,Bonthe,2,SL,1580609291,89,-12.51,77.02,4.38,-29.714953283026574
264,Faanui,100,PF,1580609291,79,-151.75,81.9,22.37,-21.419900082825166
265,Heiligenhafen,47,DE,1580609291,83,10.98,44.01,8.01,65.8416993189366
266,Marsh Harbour,100,BS,1580609291,86,-77.06,73.33,22.41,-27.224731585107385
267,Manaus,40,BR,1580609176,83,-60.02,80.6,5.82,-54.0724959765442
268,Tevaitoa,100,PF,1580609292,79,-151.5,81.77,22.95,70.25132388373024
269,Mayumba,86,GA,1580609292,74,10.66,82.62,7.23,-47.31932998573035
270,Santiago del Estero,0,AR,1580609292,47,-64.26,77.4,8.86,76.26217271233557
271,Palmer,90,US,1580609292,92,-72.33,37.0,1.92,-84.27823681728707
272,San Ramon,1,US,1580609281,87,-121.98,63.0,5.82,-74.49460080698604
273,Turkmenabat,100,TM,1580609293,27,63.58,53.6,16.11,-49.52838323213975
274,Saint Anthony,1,US,1580609293,80,-93.22,35.01,8.05,-13.46990984827471
275,Skelleftea,100,SE,1580609046,93,20.95,33.01,6.93,80.93480976939185
276,Maceio,40,BR,1580609293,88,-35.74,78.8,3.36,-16.160345850119768
277,Qandala,90,SO,1580609294,72,49.87,68.77,4.05,53.27507211343715
278,Ubari,0,LY,1580609294,29,12.78,58.23,6.71,71.21990289282823
279,Hofn,100,IS,1580609294,96,-15.21,34.18,17.52,-65.16130471461113
280,Ghorawal,0,IN,1580609294,55,82.78,57.65,4.18,19.938508749163233
281,Saint-Augustin,100,CA,1580609294,84,-58.65,15.85,4.38,-50.297929033104296
282,Prestea,85,GH,1580609295,97,-2.14,74.7,2.62,85.05987527889741
283,Airai,100,TL,1580609295,74,125.41,77.61,2.73,-49.007768946063095
284,Pangnirtung,100,CA,1580609295,92,-65.71,-6.21,8.28,59.40429149831246
285,Belle Fourche,1,US,1580609295,24,-103.85,55.4,26.4,73.97904162049389
286,Neyshabur,100,IR,1580609295,71,58.8,38.46,5.06,-31.422284091357135
287,Hermiston,90,US,1580609296,50,-119.29,52.0,17.22,81.46311145190342
288,Diu,0,IN,1580609296,59,70.98,68.74,22.86,-47.163110590002695
289,Aksha,53,RU,1580609296,74,113.29,-1.61,12.62,81.63876290426421
290,Valparaiso,0,CL,1580609296,88,-71.63,62.6,4.7,-8.471494707248425
291,Ucluelet,75,CA,1580609159,86,-125.55,37.99,2.24,-35.13744650489297
292,Emirdag,0,TR,1580609296,85,31.15,32.83,4.45,-5.682613845290916
293,Saint-Francois,90,FR,1580609297,71,3.91,50.0,5.82,-71.80041652664943
294,East London,100,ZA,1580609297,91,27.91,77.32,5.12,4.616988319694727
295,Eskilstuna,100,SE,1580609297,93,16.51,43.0,6.93,57.421657793966205
296,Turbat,4,PK,1580609297,49,63.04,58.26,2.95,88.61592632015763
297,Yangi Marg`ilon,100,UZ,1580609298,74,71.72,30.2,6.93,-9.036321167791812
298,Mizan Teferi,79,ET,1580609298,48,35.58,65.98,2.24,78.81146871644731
299,Naranjal,75,EC,1580609298,69,-79.62,80.6,3.36,26.950375144816505
300,Wajima,40,JP,1580609165,80,136.9,39.2,2.24,-21.64505769665253
301,Stephenville,1,US,1580609298,37,-98.2,62.6,4.94,-78.64180818077256
302,Yate,75,GB,1580609299,93,-2.42,45.0,8.05,-35.29921142946144
303,Asbe Teferi,99,ET,1580609299,77,40.87,56.59,6.49,-56.5690410681464
304,Jawor,75,PL,1580609299,81,16.19,46.99,14.99,-67.15381285317491
305,Mount Gambier,53,AU,1580609299,77,140.77,64.4,20.8,-36.2098240664465
306,Wanning,70,CN,1580609299,81,110.4,71.35,7.94,0.4282730399806951
307,Narsaq,0,GL,1580609299,45,-46.05,1.4,5.32,-66.46071482556486
308,Zaysan,100,KZ,1580609300,83,84.87,1.42,1.88,71.28334920409685
309,Aklavik,40,CA,1580609300,73,-135.01,-34.6,2.24,-29.084050590649575
310,Volksrust,0,ZA,1580609300,86,29.88,56.88,2.8,55.83788515369494
311,Lokosovo,100,RU,1580609300,94,74.82,7.38,9.55,-3.3454588988482783
312,Floro,95,NO,1580609300,74,5.03,39.2,27.51,-22.035803636678935
313,Kindu,71,CD,1580609301,98,25.95,68.47,0.38,-18.032470558693603
314,College,1,US,1580609301,68,-147.8,-18.4,2.19,-34.82883361734126
315,Peleduy,99,RU,1580609301,97,112.74,-15.48,0.31,16.82627353847697
316,Gazli,91,UZ,1580609302,47,63.45,46.83,14.7,-36.246946239464386
317,Hong Kong,40,HK,1580609302,68,114.16,66.99,13.87,28.382387711498154
318,Oranjemund,100,NA,1580609302,91,16.43,63.19,9.22,-10.34972863389099
319,Moyale,65,KE,1580609302,71,39.06,73.0,2.93,-79.43133680740387
320,Yudong,90,CN,1580609302,93,106.52,46.4,2.55,50.6676498321242
321,Saint George,1,US,1580609233,28,-113.58,57.2,4.7,75.53287604113862
322,Destin,1,US,1580609303,87,-86.5,50.0,3.36,40.04737052064624
323,Angoche,100,MZ,1580609303,93,39.91,74.88,3.18,-75.84729701146188
324,Guerrero Negro,34,MX,1580609303,31,-114.06,67.84,1.07,26.395084776454595
325,Korla,83,CN,1580609303,85,86.15,34.0,4.0,-76.86343433807475
326,Bambanglipuro,100,ID,1580609303,85,110.28,78.12,2.91,-82.85418396489199
327,Petrozavodsk,100,RU,1580609063,92,34.35,24.8,4.47,-49.02723681512611
328,Farnborough,100,GB,1580609304,87,-0.76,46.99,6.93,58.71652023265753
329,Rovaniemi,90,FI,1580609304,92,25.72,15.8,14.99,70.50970132612841
330,Zhangye,0,CN,1580609304,33,100.45,28.85,5.41,73.43483584822619
331,Kysyl-Syr,63,RU,1580609304,96,122.76,-25.24,3.69,13.974600247267091
332,Nabire,63,ID,1580609305,66,135.48,86.43,6.26,88.35918806758252
333,Naze,20,JP,1580609305,45,129.48,64.4,5.82,-79.99291706238414
334,San Patricio,90,MX,1580609305,69,-104.7,80.6,5.75,-13.070243064546787
335,Khyriv,100,UA,1580609305,79,22.85,48.99,8.01,-68.64787297602697
336,Tambura,0,SS,1580609305,27,27.47,65.01,3.51,58.78846716352996
337,Colinas,89,BR,1580609305,94,-44.25,71.56,1.03,-39.12057099737229
338,Mossamedes,100,AO,1580609306,85,12.15,75.13,11.45,68.4014343768938
339,Karratha,49,AU,1580609306,75,116.85,80.71,10.2,63.525970024729816
340,Harper,24,LR,1580609306,94,-7.72,76.33,3.51,-81.73563893783867
341,Boguchany,0,RU,1580609306,95,97.45,-26.14,1.43,87.40674182251024
342,Estancia,40,BR,1580609306,74,-37.44,82.4,8.05,65.12835483405871
343,Waasmunster,99,BE,1580609307,81,4.08,46.99,12.75,24.492076608775065
344,Norman Wells,75,CA,1580609307,61,-126.83,-18.4,14.99,69.57758642834881
345,Longyearbyen,75,SJ,1580609307,79,15.64,19.4,9.17,14.444434152517431
346,Edd,0,ER,1580609307,76,41.69,74.35,2.04,-79.31587824652473
347,Dibrugarh,75,IN,1580609099,87,94.9,59.0,2.24,31.64999657085191
348,Bariloche,20,AR,1580609307,58,-71.31,53.6,19.46,-39.03417072582103
349,Ust-Nera,19,RU,1580609308,96,143.2,-28.64,0.67,26.541921999882376
350,Port Lincoln,67,AU,1580609308,58,135.87,69.48,14.03,-32.345755331475296
351,Vila Franca do Campo,75,PT,1580609308,93,-25.43,59.0,9.17,20.11121292613592
352,Ensley,1,US,1580609308,100,-87.27,51.01,4.03,34.19577888895655
353,Maraa,23,BR,1580609309,95,-65.37,75.13,1.79,-20.583449442776086
354,Novobirilyussy,41,RU,1580609309,98,90.67,-10.12,4.61,-68.93857738690636
355,Iqaluit,90,CA,1580609309,78,-68.51,12.2,13.87,-13.738050985877976
356,Kalach-na-Donu,90,RU,1580609309,93,43.53,35.6,13.42,-47.21529582852732
357,Taltal,0,CL,1580609309,89,-70.48,60.66,1.79,48.423409671695
358,Hamilton,90,US,1580609310,69,-84.53,39.99,8.05,-58.96225957727448
359,Namatanai,34,PG,1580609310,72,152.43,85.59,12.19,2.422891323476321
360,Mogocha,100,RU,1580609310,79,119.77,-1.97,4.03,-19.117577070680355
361,Ziniare,1,BF,1580609310,14,-1.3,77.0,3.36,-49.07507845763858
362,Kutum,55,SD,1580609311,28,24.67,44.58,3.15,-88.66159389059963
363,Smolenskoye,22,RU,1580609311,84,85.08,5.56,4.99,-83.64559758869918
364,Wismar,75,DE,1580609311,87,11.47,45.0,20.8,-11.105033097152884
365,Batouri,0,CM,1580609311,32,14.37,62.58,1.77,-67.36774990865702
366,Adrar,0,MR,1580609311,14,-10.07,63.79,9.98,-11.059042545024369
367,San Luis,0,AR,1580609312,31,-66.34,79.68,13.09,76.12951163262179
368,Torbay,40,CA,1580609113,85,-52.73,18.0,6.93,-22.2066521703276
369,Ciudad Lazaro Cardenas,100,MX,1580609082,74,-102.2,75.51,1.92,17.748422922554738
370,Visnes,26,NO,1580609312,86,5.22,42.01,21.92,-32.3426490895717
371,Evensk,0,RU,1580609312,74,159.23,-14.89,13.31,-83.08349731634202
372,Yar-Sale,100,RU,1580609312,95,70.83,-3.87,16.17,42.7017435451809
373,Gornopravdinsk,100,RU,1580609313,94,69.9,10.87,7.56,-10.281428115883514
374,Kangaatsiaq,100,GL,1580609313,92,-53.46,0.25,6.49,-29.605296114325846
375,Fortuna,90,US,1580609313,93,-124.16,54.0,5.82,-62.43982905379835
376,Sarangani,73,PH,1580609314,75,125.46,82.24,15.88,48.84192293911437
377,Dryden,90,CA,1580609161,100,-92.75,26.6,5.82,7.366733599837048
378,Kirkland Lake,90,CA,1580609315,92,-80.04,32.0,12.75,34.85023487324982
379,Okha,59,RU,1580609315,87,142.95,2.61,4.27,45.178393414663844
380,Oodweyne,66,SO,1580609315,48,45.06,63.0,5.64,49.540250672882195
381,Kruisfontein,100,ZA,1580609315,73,24.73,75.16,13.91,-71.89141124006582
382,Martinho Campos,100,BR,1580609315,92,-45.24,71.04,1.48,25.131703843346173
383,Tshikapa,100,CD,1580609316,97,20.8,70.0,2.39,-65.41329461116224
384,Bocas del Toro,96,PA,1580609316,68,-82.25,69.01,3.0,50.66442624999141
385,Kirakira,98,SB,1580609316,69,161.92,84.2,6.85,-3.365817224604754
386,Port Hedland,49,AU,1580609316,52,118.57,89.6,5.82,20.707192733453965
387,Santander,88,ES,1580609316,100,-3.8,64.0,2.24,70.92587605659406
388,Lobito,100,AO,1580609317,84,13.55,78.76,3.83,41.12910039495904
389,Poya,100,NC,1580609317,77,165.15,81.03,11.99,-88.04049146576664
390,Agadez,0,NE,1580609317,29,10.25,56.1,1.52,-2.1535961072681573
391,Rayong,20,TH,1580609317,74,101.43,91.0,4.7,-86.24453807714474
392,Oddur,73,SO,1580609317,80,43.89,68.07,13.53,-8.560197764384071
393,Vestmanna,82,FO,1580609317,74,-7.17,35.6,8.05,76.05870112384568
394,Seoul,90,KR,1580609318,92,126.98,35.6,2.24,-46.48402925464088
395,St. Marys,90,US,1580609318,93,-81.55,53.6,13.87,-16.379979205965682
396,Katsuura,20,JP,1580609318,34,140.3,57.0,13.87,-28.472239970390675
397,Cleveland,90,US,1580609157,80,-81.7,34.0,6.93,36.186166514739725
398,Mirny,53,RU,1580609319,81,113.96,-34.6,4.47,-48.479316873222594
399,Diffa,92,NE,1580609319,23,12.61,59.09,9.26,-51.16175844849534
400,Hay River,90,CA,1580609319,83,-115.8,-5.8,6.93,-14.869196689849261
401,Tazovsky,100,RU,1580609319,94,78.7,-20.38,20.51,-27.98502349986432
402,Makat,100,KZ,1580609319,88,53.35,30.43,12.68,-43.10456049194576
403,Kadingilan,100,PH,1580609320,57,124.91,84.25,6.26,-23.226835145060207
404,Venice,1,US,1580609320,87,-82.45,60.8,6.93,-89.75572244987735
405,Linfen,1,CN,1580609151,33,111.52,42.3,6.31,51.39710404622173
406,Celestun,3,MX,1580609320,72,-90.4,71.55,22.35,-3.7164386599449983
407,Mayo,90,US,1580609320,93,-76.51,43.0,4.7,29.26970012140667
408,Sungairaya,37,ID,1580609321,59,108.9,89.15,2.3,89.92444206220884
409,Constantine,75,DZ,1580609321,87,6.61,44.6,1.12,-35.98450439854879
410,Szentistvan,84,HU,1580609321,90,20.67,46.26,14.76,21.295905552036174
411,Tonj,0,SS,1580609321,21,28.68,65.21,4.63,-25.936325920595934
412,Mikuni,40,JP,1580609322,56,136.15,44.6,2.24,-55.651393162208905
413,Dergachi,100,RU,1580609322,93,48.77,22.57,7.76,19.228898089977676
414,Eenhana,100,NA,1580609119,75,16.33,67.68,2.01,-88.48486240900647
415,Porto Walter,100,BR,1580609322,95,-72.74,74.08,2.06,-73.91076516165502
416,Jiayuguan,0,CN,1580609322,38,98.3,24.35,4.85,-23.39290061932772
417,Kinlochleven,74,GB,1580609323,92,-4.97,37.0,2.73,26.26106357602019
418,Teguise,0,ES,1580609323,51,-13.56,62.6,6.93,-63.656925037693185
419,Sorland,100,NO,1580609323,85,12.69,38.07,24.43,-21.23508272205075
420,Grindavik,75,IS,1580609323,79,-22.43,28.4,11.41,-39.8466185071503
421,Mormugao,25,IN,1580609324,88,73.8,69.8,4.7,-31.889312669480006
422,Zyryanka,95,RU,1580609324,96,150.85,-18.89,4.65,13.83271016617158
423,Abu Samrah,0,SY,1580609324,70,37.18,38.64,1.12,21.618128611109313
424,OEstersund,35,SE,1580609324,80,14.64,33.01,12.75,6.160462696621067
425,Pitimbu,70,BR,1580609325,94,-34.81,78.8,4.7,5.412418034410592
426,Locri,40,IT,1580609325,87,16.26,55.99,3.36,40.98330147927555
427,Ponta Delgada,75,PT,1580609325,93,-25.67,59.0,9.17,-64.55131293325849
428,Nea Stira,0,GR,1580609325,93,24.2,55.0,5.82,60.02351826667109
429,Binzhou,100,CN,1580609326,64,118.02,39.0,1.41,75.69250595250364
430,Samarai,100,PG,1580609326,56,150.67,90.07,6.04,-13.19160901700397
431,Ahipara,44,NZ,1580609326,53,173.17,95.0,1.99,0.7061838118538049
432,Brekstad,75,NO,1580609326,86,9.67,39.99,34.45,6.252366263785817
433,Caraballeda,20,VE,1580609326,78,-66.85,78.8,4.7,53.050476632617205
434,Kahului,40,US,1580609327,65,-156.47,77.0,24.16,-45.3679495356702
435,Livadiya,0,RU,1580609327,44,132.68,19.31,8.3,42.34523936946249
436,Kupang,40,ID,1580609327,79,123.58,86.0,9.17,-69.36585354490506
437,Kiama,35,AU,1580609327,64,150.87,99.0,1.01,-30.506652726876318
438,Waycross,90,US,1580609327,87,-82.35,48.2,5.82,34.052246667552424
439,Lambarene,22,GA,1580609328,96,10.24,73.94,1.01,65.1360231974734
440,Aitape,0,PG,1580609328,74,142.35,81.95,12.19,87.02549368212848
441,Avanuorri,100,NO,1580609328,67,24.66,21.2,39.15,68.34976398578789
442,Raahe,90,FI,1580609328,86,24.48,26.6,11.41,74.92855492864709
443,Kieta,5,PG,1580609329,79,155.63,84.31,15.75,51.35075706827993
444,San Jose,1,US,1580609106,87,-121.89,63.0,5.82,61.55693434927687
445,Kazachinskoye,0,RU,1580609329,96,93.28,-20.38,3.2,-10.283663069623287
446,Zakamensk,68,RU,1580609329,79,103.29,-11.81,2.08,-71.40343708225095
447,Brae,41,GB,1580609329,74,-1.35,41.0,8.05,-20.879963711845093
448,Hualmay,100,PE,1580609330,81,-77.61,71.71,4.36,50.74000650243667
449,Zeya,100,RU,1580609330,91,127.27,-0.08,2.26,-28.607850069701712
450,Saint-Joseph,0,RE,1580609330,78,55.62,78.8,8.05,-10.558435809455887
451,Tezu,91,IN,1580609330,65,96.17,59.4,1.68,48.97184286248057
452,Necochea,3,AR,1580609048,46,-58.74,79.0,14.0,78.05561361514609
453,Madang,10,PG,1580609331,77,145.8,82.81,15.7,-75.52790541973425
454,Gijon,100,ES,1580609331,63,-5.66,62.6,1.12,-29.75147176853516
455,Cayenne,45,GF,1580609331,78,-52.33,77.0,4.7,71.76412697809207
456,San Clemente,1,US,1580609188,36,-117.61,77.0,3.2,69.6237787635223
457,San Andres,75,CO,1580609331,78,-81.7,82.4,10.29,-75.34487588627226
458,Eischen,77,LU,1580609332,87,5.88,42.8,11.41,47.540477515504136
459,Soe,100,ID,1580609332,58,124.28,86.72,3.96,-84.46001813609764
460,Haines Junction,100,CA,1580609332,95,-137.51,-12.44,6.55,-50.601709801347
461,Touros,0,BR,1580609332,88,-35.46,78.8,4.7,81.97360447443731
462,Dhidhdhoo,3,MV,1580609332,69,73.1,81.54,13.02,-52.61451948893997
463,Kuching,75,MY,1580609333,88,110.33,82.4,4.7,60.005802154433496
464,Mitsamiouli,70,KM,1580609333,74,43.28,82.92,7.81,-26.46335536283904
465,Imbituba,40,BR,1580609143,94,-48.67,75.2,5.82,-65.61378131174159
466,Tabou,24,CI,1580609333,94,-7.35,76.33,3.51,19.369740649975597
467,Florianopolis,40,BR,1580609333,94,-48.5,75.2,5.82,62.45864598723449
468,Sitka,90,US,1580609314,86,-135.33,30.2,14.99,1.7786123520289152
469,Alice Springs,90,AU,1580609224,93,133.88,66.2,10.29,-76.88417520195544
470,Korhogo,2,CI,1580609334,17,-5.63,67.03,2.89,-78.81574877085458
471,Tessalit,0,ML,1580609334,15,1.01,63.75,7.52,77.05737096356282
472,Urengoy,100,RU,1580609334,93,78.37,-14.44,19.93,88.35003158443604
473,Wareham,100,GB,1580609335,93,-2.11,48.0,6.93,-60.155451056691504
474,Tsybli,100,UA,1580609335,93,31.56,44.6,11.18,19.367709867509532
475,Linhares,88,BR,1580609335,98,-40.07,72.81,3.53,77.12215415738737
476,Hoskote,40,IN,1580609335,100,77.8,64.4,4.7,41.701918173754706
477,Saraland,40,US,1580609335,81,-88.07,46.0,4.7,-83.30629036372883
478,Coroata,79,BR,1580609336,99,-44.12,73.49,2.3,-61.67266914578971
479,Praia,0,CV,1580609336,27,-23.51,73.4,10.29,56.83637875692747
480,Smithers,75,CA,1580609336,79,-127.17,24.8,5.82,-31.171304180255497
481,Torbat-e Jam,2,IR,1580609336,55,60.62,37.56,6.15,-23.48028340386888
482,Jining,95,CN,1580609092,20,116.58,51.01,6.98,-36.5947236044605
483,Pacific Grove,90,US,1580609302,93,-121.92,62.6,3.36,57.47914046065429
484,Kuusamo,90,FI,1580609337,85,29.18,10.4,11.41,-55.63922570488592
485,Samdari,0,IN,1580609337,33,72.58,56.52,8.81,-15.540067918734565
486,Pierre,1,US,1580609241,61,-100.35,48.0,11.41,-63.69031702824488
487,Zaltan,0,LY,1580609337,76,11.87,59.54,7.7,87.21164965564381
488,Soyo,100,AO,1580609338,82,12.37,80.01,3.51,46.81119189072453
489,Gwadar,0,PK,1580609338,41,62.33,70.14,2.48,-34.5946197057176
490,Ulaanbaatar,0,MN,1580609325,67,106.88,-27.4,2.24,-49.148934390896315
491,Rawson,36,AR,1580609339,46,-65.1,65.17,25.9,-24.756316747799815
492,Yerbogachen,2,RU,1580609339,95,108.01,-32.55,2.51,-25.28973082770534
493,Jhargram,0,IN,1580609339,37,86.98,65.3,9.22,-29.690130023678925
494,High Level,90,CA,1580609041,77,-117.14,-0.4,20.8,2.196618580777397
495,Esim,58,GH,1580609339,91,-2.24,76.95,3.67,70.43476303235713
496,Kerman,20,IR,1580609116,32,57.08,41.0,6.93,6.980496828291706
497,Camocim,0,BR,1580609125,91,-40.84,73.65,3.49,-27.31904989932289
498,Lensk,99,RU,1580609340,96,114.93,-17.86,1.72,49.882950328672706
499,Kinshasa,73,CD,1580609340,78,15.32,78.8,2.24,61.17327622225244
500,Magadan,0,RU,1580609341,72,150.8,0.09,11.34,55.86087553402854
501,Abapo,42,BO,1580609342,78,-63.47,72.27,2.71,68.61509922816813
502,Nanfeng,93,CN,1580609342,68,111.8,59.77,1.99,-35.496403778758854
503,Emba,100,KZ,1580609342,86,58.14,22.77,0.87,-59.75435787781544
504,Erzin,0,TR,1580609342,100,36.2,35.6,6.93,-43.818919149884316
505,Sobolevo,100,RU,1580609342,98,31.9,35.53,9.86,27.554898240837304
506,Waipawa,59,NZ,1580609343,77,175.52,71.01,31.09,-8.924331095787977
507,Verkhnyaya Inta,100,RU,1580609343,95,60.31,-2.52,9.33,7.503211421936157
508,Cairns,75,AU,1580609343,83,145.77,88.0,5.82,-86.85058393477009
509,Prundu,0,RO,1580609343,81,26.23,45.0,6.93,-14.046525844614948
510,Gobabis,0,NA,1580609344,44,18.97,68.61,6.89,-79.51111989461363
511,Liku,94,ID,1580609344,62,119.89,82.63,4.41,-26.774238975879186
512,Jinzhou,100,CN,1580609092,35,121.14,22.98,6.62,81.02686075562099
513,Boyuibe,59,BO,1580609344,80,-63.28,66.6,3.24,6.107356341920848
514,Mbuji-Mayi,100,CD,1580609344,91,23.6,69.48,3.18,-69.07794659528797
515,Parnamirim,20,BR,1580609345,83,-35.26,80.6,3.36,-38.99445144120178
516,Ewo,88,CG,1580609345,84,14.82,73.71,3.76,-73.92781419369736
517,Meulaboh,45,ID,1580609226,76,96.13,81.82,4.12,66.98168003021087
518,Viransehir,0,TR,1580609345,59,39.76,34.95,2.8,14.075999153352058
519,Northam,100,GB,1580609346,94,-4.22,52.0,11.99,18.49324145818879
520,Ust'-Ishim,100,RU,1580609346,89,71.17,6.89,6.87,83.75185099159157
521,Sete,100,FR,1580609346,76,3.7,57.2,11.41,-17.20978110458742
522,Nelson Bay,40,AU,1580609252,39,152.15,105.01,12.75,-62.42978951565886
523,Tubuala,20,PA,1580609346,83,-79.03,80.6,11.41,-38.44481902833775
524,Tukrah,100,LY,1580609346,81,20.58,55.0,3.6,1.693369944598274
525,Formosa,0,AR,1580609099,65,-58.18,80.6,5.82,-18.383570904285335
526,Cockburn Town,0,TC,1580609336,81,-71.14,78.24,13.11,80.95487351581482
527,Plettenberg Bay,100,ZA,1580609347,82,23.37,71.2,1.83,57.375422449877846
528,Lat Yao,0,TH,1580609347,43,99.79,95.0,5.08,-15.769921652372048
529,Likasi,100,CD,1580609348,98,26.73,60.91,4.14,54.39499245355137
530,Fukuecho,40,JP,1580609348,57,128.84,51.8,4.7,68.29810953095816
531,Ha Tinh,92,VN,1580609348,84,105.9,69.17,2.89,-81.89731111632148
532,Lima,20,PE,1580609348,88,-77.03,73.4,10.29,28.239988087065456
533,Coyhaique,0,CL,1580609349,71,-72.07,50.0,6.93,-87.88671463000347
534,Pangody,100,RU,1580609349,97,74.49,-7.24,20.29,71.90688873845599
535,Acapulco de Juarez,90,MX,1580609225,69,-99.89,80.6,2.24,0.239358504575776
536,Kankan,15,GN,1580609349,17,-9.31,68.7,3.36,-53.46158054685986
537,Quatre Cocos,75,MU,1580609349,83,57.76,78.8,11.41,-8.289982900648994
538,Korcula,75,HR,1580609350,93,17.14,46.4,3.36,82.47216025948893
539,Valleyview,28,CA,1580609350,66,-117.29,21.61,15.79,-46.512836085408956
540,Kalur Kot,0,PK,1580609350,49,71.26,51.98,3.51,14.718568925535365
541,Liuzhou,100,CN,1580609335,80,109.39,53.1,3.29,-85.2813472369677
542,Conakry,1,GN,1580609162,88,-13.68,76.84,7.0,-2.565222470665404
543,Cabedelo,92,BR,1580609351,94,-34.83,78.8,4.7,-17.819200029000527
544,Preobrazheniye,0,RU,1580609351,35,133.91,22.77,3.36,-24.40496871661739
545,Sao Paulo de Olivenca,47,BR,1580609351,96,-68.87,74.5,0.94,-78.08406217661783
546,Black River,75,JM,1580609351,83,-77.85,80.6,11.41,-37.855903192121325
547,Gravelbourg,62,CA,1580609351,85,-106.55,37.53,19.15,-8.773873645496892
548,Hirara,20,JP,1580609352,45,125.28,66.2,2.24,-27.316351956854618
549,Candolim,25,IN,1580609352,88,73.76,69.8,4.7,-18.679826076651054
550,Rikitea,75,PF,1580609381,79,-134.97,79.47,14.61,60.364038277410316
551,Upernavik,8,GL,1580609382,95,-56.15,-25.35,8.63,-13.173281698864741
552,Lebu,0,CL,1580609233,97,-73.65,50.45,3.27,-76.91746214038095
553,Kaitangata,100,NZ,1580609382,94,169.85,55.17,14.25,38.89785230217939
554,Kapaa,90,US,1580609382,83,-159.32,77.0,24.16,-83.92063038996287
555,Leningradskiy,98,RU,1580609233,97,178.42,-20.85,5.95,-62.43447295241975
556,Qaanaaq,40,GL,1580609234,76,-69.36,-24.86,5.75,54.382807512053546
557,Vaini,40,TO,1580609234,74,-175.2,84.2,10.29,65.50403097678264
558,Hobart,40,AU,1580609234,59,147.33,66.0,19.46,-18.103148791098675
559,Krasnoborsk,100,RU,1580609234,97,45.93,4.26,4.9,11.18034934295629
560,Biak,100,ID,1580609234,71,122.88,83.52,5.88,82.36663680350475
561,Klichka,0,RU,1580609382,91,118.0,-10.86,5.93,89.68597995412989
562,Busselton,0,AU,1580609235,31,115.33,78.01,3.74,-83.43066827913538
563,Banjar,20,ID,1580609235,79,114.97,86.0,3.36,83.13401989710616
564,Jamestown,90,US,1580609235,92,-79.24,30.99,8.05,3.249476779434076
